Timestamp,ProductID,Type,Air_Tempurature,Process_Tempurature,Rotational_Speed,Torque,Tool_wear,Machine_failure,TWF,HDF,PWF,OSF,RNF
2026-10-08 18:15:32,L47182,L,298.1,308.49,1497.4,49.519999999999996,8,0,0,0,0,0,0
2026-10-08 18:15:33,L47182,L,298.1,308.48,1496.8000000000002,49.63999999999999,11,0,0,0,0,0,0
2026-10-08 18:15:34,L47182,L,298.1,308.47,1496.2000000000003,49.75999999999999,14,0,0,0,0,0,0
2026-10-08 18:15:35,L47182,L,298.1,308.46000000000004,1495.6000000000004,49.87999999999999,17,0,0,0,0,0,0
2026-10-08 18:15:36,L47182,L,298.1,308.45000000000005,1495.0000000000005,49.999999999999986,20,0,0,0,0,0,0
2026-10-08 18:15:37,L47182,L,298.1,308.44000000000005,1494.4000000000005,50.11999999999998,23,0,0,0,0,0,0
2026-10-08 18:15:38,L47182,L,298.1,308.43000000000006,1493.8000000000006,50.23999999999998,26,0,0,0,0,0,0
2026-10-08 18:15:39,L47182,L,298.1,308.4200000000001,1493.2000000000007,50.35999999999998,29,0,0,0,0,0,0
2026-10-08 18:15:40,L47182,L,298.1,308.4100000000001,1492.6000000000008,50.479999999999976,32,0,0,0,0,0,0
2026-10-08 18:15:41,L47182,L,298.1,308.4000000000001,1492.000000000001,50.59999999999997,35,0,0,0,0,0,0
2026-10-08 18:15:42,L47182,L,298.1,308.3900000000001,1491.400000000001,50.71999999999997,38,0,0,0,0,0,0
2026-10-08 18:15:43,L47182,L,298.1,308.3800000000001,1490.800000000001,50.83999999999997,41,0,0,0,0,0,0
2026-10-08 18:15:44,L47182,L,298.1,308.3700000000001,1490.2000000000012,50.959999999999965,44,0,0,0,0,0,0
2026-10-08 18:15:45,L47182,L,298.1,308.3600000000001,1489.6000000000013,51.07999999999996,47,0,0,0,0,0,0
2026-10-08 18:15:46,L47182,L,298.1,308.35000000000014,1489.0000000000014,51.19999999999996,50,0,0,0,0,0,0
2026-10-08 18:15:47,L47182,L,298.1,308.34000000000015,1488.4000000000015,51.31999999999996,53,0,0,0,0,0,0
2026-10-08 18:15:48,L47182,L,298.1,308.33000000000015,1487.8000000000015,51.439999999999955,56,0,0,0,0,0,0
2026-10-08 18:15:49,L47182,L,298.1,308.32000000000016,1487.2000000000016,51.55999999999995,59,0,0,0,0,0,0
2026-10-08 18:15:50,L47182,L,298.1,308.3100000000002,1486.6000000000017,51.67999999999995,62,0,0,0,0,0,0
2026-10-08 18:15:51,L47182,L,298.1,308.3000000000002,1486.0000000000018,51.79999999999995,65,0,0,0,0,0,0
2026-10-08 18:15:52,L47182,L,298.1,308.2900000000002,1485.400000000002,51.919999999999945,68,0,0,0,0,0,0
2026-10-08 18:15:53,L47182,L,298.1,308.2800000000002,1484.800000000002,52.03999999999994,71,0,0,0,0,0,0
2026-10-08 18:15:54,L47182,L,298.1,308.2700000000002,1484.200000000002,52.15999999999994,74,0,0,0,0,0,0
2026-10-08 18:15:55,L47182,L,298.1,308.2600000000002,1483.6000000000022,52.27999999999994,77,0,0,0,0,0,0
2026-10-08 18:15:56,L47182,L,298.1,308.2500000000002,1483.0000000000023,52.399999999999935,80,0,0,0,0,0,0
2026-10-08 18:15:57,L47182,L,298.1,308.24000000000024,1482.4000000000024,52.51999999999993,83,0,0,0,0,0,0
2026-10-08 18:15:58,L47182,L,298.1,308.23000000000025,1481.8000000000025,52.63999999999993,86,0,0,0,0,0,0
2026-10-08 18:15:59,L47182,L,298.1,308.22000000000025,1481.2000000000025,52.75999999999993,89,0,0,0,0,0,0
2026-10-08 18:16:00,L47182,L,298.1,308.21000000000026,1480.6000000000026,52.879999999999924,92,0,0,0,0,0,0
2026-10-08 18:16:01,L47182,L,298.1,308.2000000000003,1480.0000000000027,52.99999999999992,95,0,0,0,0,0,0
2026-10-08 18:16:02,L47182,L,298.1,308.1900000000003,1479.4000000000028,53.11999999999992,98,0,0,0,0,0,0
2026-10-08 18:16:03,L47182,L,298.1,308.1800000000003,1478.800000000003,53.23999999999992,101,0,0,0,0,0,0
2026-10-08 18:16:04,L47182,L,298.1,308.1700000000003,1478.200000000003,53.359999999999914,104,0,0,0,0,0,0
2026-10-08 18:16:05,L47182,L,298.1,308.1600000000003,1477.600000000003,53.47999999999991,107,0,0,0,0,0,0
2026-10-08 18:16:06,L47182,L,298.1,308.1500000000003,1477.0000000000032,53.59999999999991,110,0,0,0,0,0,0
2026-10-08 18:16:07,L47182,L,298.1,308.1400000000003,1476.4000000000033,53.71999999999991,113,0,0,0,0,0,0
2026-10-08 18:16:08,L47182,L,298.1,308.13000000000034,1475.8000000000034,53.839999999999904,116,0,0,0,0,0,0
2026-10-08 18:16:09,L47182,L,298.1,308.12000000000035,1475.2000000000035,53.9599999999999,119,0,0,0,0,0,0
2026-10-08 18:16:10,L47182,L,298.1,308.11000000000035,1474.6000000000035,54.0799999999999,122,0,0,0,0,0,0
2026-10-08 18:16:11,L47182,L,298.1,308.10000000000036,1474.0000000000036,54.199999999999896,125,0,0,0,0,0,0
2026-10-08 18:16:12,L47182,L,298.1,308.0900000000004,1473.4000000000037,54.319999999999894,128,0,0,0,0,0,0
2026-10-08 18:16:13,L47182,L,298.1,308.0800000000004,1472.8000000000038,54.43999999999989,131,0,0,0,0,0,0
2026-10-08 18:16:14,L47182,L,298.1,308.0700000000004,1472.200000000004,54.55999999999989,134,0,0,0,0,0,0
2026-10-08 18:16:15,L47182,L,298.1,308.0600000000004,1471.600000000004,54.679999999999886,137,0,0,0,0,0,0
2026-10-08 18:16:16,L47182,L,298.1,308.0500000000004,1471.000000000004,54.79999999999988,140,0,0,0,0,0,0
2026-10-08 18:16:17,L47182,L,298.1,308.0400000000004,1470.4000000000042,54.91999999999988,143,0,0,0,0,0,0
2026-10-08 18:16:18,L47182,L,298.1,308.0300000000004,1469.8000000000043,55.03999999999988,146,0,0,0,0,0,0
2026-10-08 18:16:19,L47182,L,298.1,308.02000000000044,1469.2000000000044,55.159999999999876,149,0,0,0,0,0,0
2026-10-08 18:16:20,L47182,L,298.1,308.01000000000045,1468.6000000000045,55.27999999999987,152,0,0,0,0,0,0
2026-10-08 18:16:21,L47182,L,298.1,308.00000000000045,1468.0000000000045,55.39999999999987,155,0,0,0,0,0,0
2026-10-08 18:16:22,L47182,L,298.1,307.99000000000046,1467.4000000000046,55.51999999999987,158,0,0,0,0,0,0
2026-10-08 18:16:23,L47182,L,298.1,307.9800000000005,1466.8000000000047,55.639999999999866,161,0,0,0,0,0,0
2026-10-08 18:16:24,L47182,L,298.1,307.9700000000005,1466.2000000000048,55.75999999999986,164,0,0,0,0,0,0
2026-10-08 18:18:45,L47182,L,298.1,308.49,1497.4,49.519999999999996,8,0,0,0,0,0,0
2026-10-08 18:18:46,L47182,L,298.1,308.48,1496.8000000000002,49.63999999999999,11,0,0,0,0,0,0
2026-10-08 18:18:47,L47182,L,298.1,308.47,1496.2000000000003,49.75999999999999,14,0,0,0,0,0,0
2026-10-08 18:18:48,L47182,L,298.1,308.46000000000004,1495.6000000000004,49.87999999999999,17,0,0,0,0,0,0
2026-10-08 18:19:00,L47182,L,298.1,308.49,1497.4,49.519999999999996,8,0,0,0,0,0,0
2026-10-08 18:19:01,L47182,L,298.1,308.48,1496.8000000000002,49.63999999999999,11,0,0,0,0,0,0
2026-10-08 18:19:02,L47182,L,298.1,308.47,1496.2000000000003,49.75999999999999,14,0,0,0,0,0,0
2026-10-08 18:19:03,L47182,L,298.1,308.46000000000004,1495.6000000000004,49.87999999999999,17,0,0,0,0,0,0
2026-10-08 18:19:04,L47182,L,298.1,308.45000000000005,1495.0000000000005,49.999999999999986,20,0,0,0,0,0,0
2026-10-08 18:19:05,L47182,L,298.1,308.44000000000005,1494.4000000000005,50.11999999999998,23,0,0,0,0,0,0
2026-10-08 18:19:06,L47182,L,298.1,308.43000000000006,1493.8000000000006,50.23999999999998,26,0,0,0,0,0,0
2026-10-08 18:19:07,L47182,L,298.1,308.4200000000001,1493.2000000000007,50.35999999999998,29,0,0,0,0,0,0
2026-10-08 18:19:08,L47182,L,298.1,308.4100000000001,1492.6000000000008,50.479999999999976,32,0,0,0,0,0,0
2026-10-08 18:19:09,L47182,L,298.1,308.4000000000001,1492.000000000001,50.59999999999997,35,0,0,0,0,0,0
2026-10-08 18:19:10,L47182,L,298.1,308.3900000000001,1491.400000000001,50.71999999999997,38,0,0,0,0,0,0
2026-10-08 18:19:11,L47182,L,298.1,308.3800000000001,1490.800000000001,50.83999999999997,41,0,0,0,0,0,0
2026-10-08 18:19:12,L47182,L,298.1,308.3700000000001,1490.2000000000012,50.959999999999965,44,0,0,0,0,0,0
2026-10-08 18:19:13,L47182,L,298.1,308.3600000000001,1489.6000000000013,51.07999999999996,47,0,0,0,0,0,0
2026-10-08 18:19:14,L47182,L,298.1,308.35000000000014,1489.0000000000014,51.19999999999996,50,0,0,0,0,0,0
2026-10-08 18:19:15,L47182,L,298.1,308.34000000000015,1488.4000000000015,51.31999999999996,53,0,0,0,0,0,0
2026-10-08 18:19:16,L47182,L,298.1,308.33000000000015,1487.8000000000015,51.439999999999955,56,0,0,0,0,0,0
2026-10-08 18:22:34,L47182,L,298.1,308.49,1497.4,49.519999999999996,8,0,0,0,0,0,0
2026-10-08 18:22:35,L47182,L,298.1,308.48,1496.8000000000002,49.63999999999999,11,0,0,0,0,0,0
2026-10-08 18:22:36,L47182,L,298.1,308.47,1496.2000000000003,49.75999999999999,14,0,0,0,0,0,0
2026-10-08 18:22:37,L47182,L,298.1,308.46000000000004,1495.6000000000004,49.87999999999999,17,0,0,0,0,0,0
2026-10-08 18:22:38,L47182,L,298.1,308.45000000000005,1495.0000000000005,49.999999999999986,20,0,0,0,0,0,0
2026-10-08 18:22:39,L47182,L,298.1,308.44000000000005,1494.4000000000005,50.11999999999998,23,0,0,0,0,0,0
2026-10-08 18:27:32,L47182,L,298.1,308.49,1497.4,49.519999999999996,8,0,0,0,0,0,0
2026-10-08 18:27:33,L47182,L,298.1,308.48,1496.8000000000002,49.63999999999999,11,0,0,0,0,0,0
2026-10-08 18:27:34,L47182,L,298.1,308.47,1496.2000000000003,49.75999999999999,14,0,0,0,0,0,0
2026-10-08 18:27:35,L47182,L,298.1,308.46000000000004,1495.6000000000004,49.87999999999999,17,0,0,0,0,0,0
2026-10-08 18:27:36,L47182,L,298.1,308.45000000000005,1495.0000000000005,49.999999999999986,20,0,0,0,0,0,0
2026-10-08 18:27:37,L47182,L,298.1,308.44000000000005,1494.4000000000005,50.11999999999998,23,0,0,0,0,0,0
2026-10-08 18:27:38,L47182,L,298.1,308.43000000000006,1493.8000000000006,50.23999999999998,26,0,0,0,0,0,0
2026-10-08 18:27:39,L47182,L,298.1,308.4200000000001,1493.2000000000007,50.35999999999998,29,0,0,0,0,0,0
2026-10-08 18:27:40,L47182,L,298.1,308.4100000000001,1492.6000000000008,50.479999999999976,32,0,0,0,0,0,0
2026-10-08 18:27:41,L47182,L,298.1,308.4000000000001,1492.000000000001,50.59999999999997,35,0,0,0,0,0,0
2026-10-08 18:27:42,L47182,L,298.1,308.3900000000001,1491.400000000001,50.71999999999997,38,0,0,0,0,0,0
2026-10-08 18:27:43,L47182,L,298.1,308.3800000000001,1490.800000000001,50.83999999999997,41,0,0,0,0,0,0
2026-10-08 18:27:44,L47182,L,298.1,308.3700000000001,1490.2000000000012,50.959999999999965,44,0,0,0,0,0,0
2026-10-08 18:27:45,L47182,L,298.1,308.3600000000001,1489.6000000000013,51.07999999999996,47,0,0,0,0,0,0
2026-10-08 18:27:46,L47182,L,298.1,308.35000000000014,1489.0000000000014,51.19999999999996,50,0,0,0,0,0,0
2026-10-08 18:27:47,L47182,L,298.1,308.34000000000015,1488.4000000000015,51.31999999999996,53,0,0,0,0,0,0
2026-10-08 18:27:48,L47182,L,298.1,308.33000000000015,1487.8000000000015,51.439999999999955,56,0,0,0,0,0,0
2026-10-08 18:27:49,L47182,L,298.1,308.32000000000016,1487.2000000000016,51.55999999999995,59,0,0,0,0,0,0
2026-10-08 18:27:50,L47182,L,298.1,308.3100000000002,1486.6000000000017,51.67999999999995,62,0,0,0,0,0,0
2026-10-08 18:27:51,L47182,L,298.1,308.3000000000002,1486.0000000000018,51.79999999999995,65,0,0,0,0,0,0
2026-10-08 18:27:52,L47182,L,298.1,308.2900000000002,1485.400000000002,51.919999999999945,68,0,0,0,0,0,0
2026-10-08 18:27:53,L47182,L,298.1,308.2800000000002,1484.800000000002,52.03999999999994,71,0,0,0,0,0,0
2026-10-08 18:27:54,L47182,L,298.1,308.2700000000002,1484.200000000002,52.15999999999994,74,0,0,0,0,0,0
2026-10-08 18:27:55,L47182,L,298.1,308.2600000000002,1483.6000000000022,52.27999999999994,77,0,0,0,0,0,0
2026-10-08 18:27:56,L47182,L,298.1,308.2500000000002,1483.0000000000023,52.399999999999935,80,0,0,0,0,0,0
2026-10-08 18:27:57,L47182,L,298.1,308.24000000000024,1482.4000000000024,52.51999999999993,83,0,0,0,0,0,0
2026-10-08 18:27:59,L47182,L,298.1,308.23000000000025,1481.8000000000025,52.63999999999993,86,0,0,0,0,0,0
2026-10-08 18:28:00,L47182,L,298.1,308.22000000000025,1481.2000000000025,52.75999999999993,89,0,0,0,0,0,0
2026-10-08 18:28:01,L47182,L,298.1,308.21000000000026,1480.6000000000026,52.879999999999924,92,0,0,0,0,0,0
2026-10-08 18:28:02,L47182,L,298.1,308.2000000000003,1480.0000000000027,52.99999999999992,95,0,0,0,0,0,0
2026-10-08 18:28:03,L47182,L,298.1,308.1900000000003,1479.4000000000028,53.11999999999992,98,0,0,0,0,0,0
2026-10-08 18:28:04,L47182,L,298.1,308.1800000000003,1478.800000000003,53.23999999999992,101,0,0,0,0,0,0
2026-10-08 18:28:05,L47182,L,298.1,308.1700000000003,1478.200000000003,53.359999999999914,104,0,0,0,0,0,0
2026-10-08 18:28:06,L47182,L,298.1,308.1600000000003,1477.600000000003,53.47999999999991,107,0,0,0,0,0,0
2026-10-08 18:28:07,L47182,L,298.1,308.1500000000003,1477.0000000000032,53.59999999999991,110,0,0,0,0,0,0
2026-10-08 18:28:08,L47182,L,298.1,308.1400000000003,1476.4000000000033,53.71999999999991,113,0,0,0,0,0,0
2026-10-08 18:28:09,L47182,L,298.1,308.13000000000034,1475.8000000000034,53.839999999999904,116,0,0,0,0,0,0
2026-10-08 18:28:10,L47182,L,298.1,308.12000000000035,1475.2000000000035,53.9599999999999,119,0,0,0,0,0,0
2026-10-08 18:28:11,L47182,L,298.1,308.11000000000035,1474.6000000000035,54.0799999999999,122,0,0,0,0,0,0
2026-10-08 18:28:12,L47182,L,298.1,308.10000000000036,1474.0000000000036,54.199999999999896,125,0,0,0,0,0,0
2026-10-08 18:28:13,L47182,L,298.1,308.0900000000004,1473.4000000000037,54.319999999999894,128,0,0,0,0,0,0
2026-10-08 18:28:14,L47182,L,298.1,308.0800000000004,1472.8000000000038,54.43999999999989,131,0,0,0,0,0,0
2026-10-08 18:28:15,L47182,L,298.1,308.0700000000004,1472.200000000004,54.55999999999989,134,0,0,0,0,0,0
2026-10-08 18:28:16,L47182,L,298.1,308.0600000000004,1471.600000000004,54.679999999999886,137,0,0,0,0,0,0
2026-10-08 18:28:17,L47182,L,298.1,308.0500000000004,1471.000000000004,54.79999999999988,140,0,0,0,0,0,0
2026-10-08 18:28:18,L47182,L,298.1,308.0400000000004,1470.4000000000042,54.91999999999988,143,0,0,0,0,0,0
2026-10-08 18:28:19,L47182,L,298.1,308.0300000000004,1469.8000000000043,55.03999999999988,146,0,0,0,0,0,0
2026-10-08 18:28:20,L47182,L,298.1,308.02000000000044,1469.2000000000044,55.159999999999876,149,0,0,0,0,0,0
2026-10-08 18:28:21,L47182,L,298.1,308.01000000000045,1468.6000000000045,55.27999999999987,152,0,0,0,0,0,0
2026-10-08 18:28:22,L47182,L,298.1,308.00000000000045,1468.0000000000045,55.39999999999987,155,0,0,0,0,0,0
2026-10-08 18:28:23,L47182,L,298.1,307.99000000000046,1467.4000000000046,55.51999999999987,158,0,0,0,0,0,0
2026-10-08 18:28:24,L47182,L,298.1,307.9800000000005,1466.8000000000047,55.639999999999866,161,0,0,0,0,0,0
2026-10-08 18:28:25,L47182,L,298.1,307.9700000000005,1466.2000000000048,55.75999999999986,164,0,0,0,0,0,0
2026-10-08 18:28:26,L47182,L,298.1,307.9600000000005,1465.600000000005,55.87999999999986,167,0,0,0,0,0,0
2026-10-08 18:28:27,L47182,L,298.1,307.9500000000005,1465.000000000005,55.99999999999986,170,0,0,0,0,0,0
2026-10-08 18:28:28,L47182,L,298.1,307.9400000000005,1464.400000000005,56.119999999999855,173,0,0,0,0,0,0
2026-10-08 18:28:29,L47182,L,298.1,307.9300000000005,1463.8000000000052,56.23999999999985,176,0,0,0,0,0,0
2026-10-08 18:28:30,L47182,L,298.1,307.9200000000005,1463.2000000000053,56.35999999999985,179,0,0,0,0,0,0
2026-10-08 18:28:31,L47182,L,298.1,307.91000000000054,1462.6000000000054,56.47999999999985,182,0,0,0,0,0,0
2026-10-08 18:28:32,L47182,L,298.1,307.90000000000055,1462.0000000000055,56.599999999999845,185,0,0,0,0,0,0
2026-10-08 18:28:33,L47182,L,298.1,307.89000000000055,1461.4000000000055,56.71999999999984,188,0,0,0,0,0,0
2026-10-08 18:28:34,L47182,L,298.1,307.88000000000056,1460.8000000000056,56.83999999999984,191,0,0,0,0,0,0
2026-10-08 18:28:35,L47182,L,298.1,307.8700000000006,1460.2000000000057,56.95999999999984,194,1,0,0,0,1,0
