timestamp,event,M0_State,M0_Temp,M0_Buffer_Len,M1_State,M1_Temp,M1_Buffer_Len
4.0,Job 101 到達 M1 緩衝區,IDLE,25.0,0,IDLE,25.0,1
4.0,M1 開始加工 Job 101,IDLE,25.0,0,PROCESSING,25.0,0
8.0,Job 102 到達 M0 緩衝區,IDLE,25.0,1,PROCESSING,28.33447438079694,0
8.0,M0 開始加工 Job 102,PROCESSING,25.0,0,PROCESSING,30.05004241424965,0
12.0,Job 103 到達 M1 緩衝區,PROCESSING,27.48488135074413,0,PROCESSING,33.01407671646449,1
14.0,M1 完成加工 Job 101,PROCESSING,29.164220652391744,0,IDLE,34.517453943548496,1
14.0,M1 開始加工 Job 103,PROCESSING,32.40518347171001,0,PROCESSING,33.565708549193644,0
16.0,Job 104 到達 M0 緩衝區,PROCESSING,34.64473673517557,1,PROCESSING,35.72742171461707,0
18.0,M0 完成加工 Job 102,IDLE,37.42461383818632,1,PROCESSING,38.200628525929126,0
18.0,M0 開始加工 Job 104,PROCESSING,36.18215245436769,0,PROCESSING,40.31542352799554,0
20.0,Job 105 到達 M1 緩衝區,PROCESSING,39.59873515144998,0,PROCESSING,42.04638215949037,1
24.0,M1 完成加工 Job 103,PROCESSING,42.422516919178435,0,IDLE,44.839428094704125,1
24.0,M1 開始加工 Job 105,PROCESSING,45.90012979008182,0,PROCESSING,42.85548528523371,0
28.0,M0 完成加工 Job 104,IDLE,48.6552290352759,0,PROCESSING,46.3144259611543,0
34.0,M1 完成加工 Job 105,IDLE,46.28970613174831,0,IDLE,49.65489258907972,0
